<?xml version="1.0" encoding="UTF-8"?>
<!DOCTYPE mapper
  PUBLIC "-//mybatis.org//DTD Mapper 3.0//EN"
  "https://mybatis.org/dtd/mybatis-3-mapper.dtd">
    
<mapper namespace="memberInfo">
	<select id="getMemberById" parameterType="MemberInfoVo" resultType="MemberInfoVo">
		select * from member_info where m_id = #{m_id}
	</select>
	
	<delete id="delete"></delete>
	
	<insert id="insert" parameterType = 'MemberInfoVo'>
		insert into member_info(m_id, m_pw,create_dt,m_type) 
		values
		(#{m_id}, #{m_pw}, now(), '0')
	</insert>
	
	<update id="update"></update>
</mapper>