<?xml version="1.0" encoding="UTF-8"?>
<!DOCTYPE configuration
  PUBLIC "-//mybatis.org//DTD Mapper 3.0//EN"
  "https://mybatis.org/dtd/mybatis-3-config.dtd">

<configuration>
	<typeAliases>
		<typeAlias type="com.springProject.basic.vo.BookVo" alias="BookVo" />
		<typeAlias type="com.springProject.basic.vo.BoardVo" alias="BoardVo" />
		<typeAlias type="com.springProject.basic.vo.CommentVo" alias="CommentVo" />
		<typeAlias type="com.springProject.basic.vo.MemberInfoVo" alias="MemberInfoVo" />
		<typeAlias type="com.springProject.basic.vo.FileInfoVo" alias="FileInfoVo" />
		<typeAlias type="com.springProject.basic.vo.CommonVo" alias="CommonVo" />
		
	</typeAliases>
</configuration>  