<?xml version="1.0" encoding="UTF-8"?>
<!DOCTYPE mapper
  PUBLIC "-//mybatis.org//DTD Mapper 3.0//EN"
  "https://mybatis.org/dtd/mybatis-3-mapper.dtd">
  
<mapper namespace="book">
	<insert id="insert" parameterType="hashMap" 
		useGeneratedKeys="true" keyProperty="book_id">
		
		insert into book(title,price,category,create_dt) 
		values
		(#{title}, #{price}, #{category},now() )
		
	</insert>
	
	<select id="selectbyid" parameterType="hashMap" resultType="hashMap">
		select * from book where book_id = #{book_id}
	</select>
	
	
	<update id="update" parameterType="hashMap">
		update book 
			set title = #{title},
			price = #{price},
			category = #{category}
		where
			book_id = #{book_id}	
	</update>
	
	<select id="lists" parameterType="hashMap" resultType="hashMap">
		select * from book order by create_dt desc
	</select>
	
	<select id="listsWithParam" resultType="hashMap">
		select * from book
		where 1=1
		 <if test="keyword != null and keyword != ''">
			and (title like concat('%',#{keyword},'%') 
				or category like concat('%',#{keyword},'%'))
		</if>  
		order by create_dt desc
		limit #{start},#{end}
	</select>

	<select id="totalcount" parameterType="hashMap" resultType="int">
		select count(*) from book
		where 1=1
		 <if test="keyword != null and keyword != ''">
			and (title like concat('%',#{keyword},'%') 
				or category like concat('%',#{keyword},'%'))
		</if>  
		order by create_dt desc		
	</select>

	<delete id="deleteById" parameterType="hashMap">
		delete from book
			where book_id = #{book_id}
	</delete>



</mapper>