<?xml version="1.0" encoding="UTF-8"?>
<!DOCTYPE mapper
  PUBLIC "-//mybatis.org//DTD Mapper 3.0//EN"
  "https://mybatis.org/dtd/mybatis-3-mapper.dtd">  
<mapper namespace="common">
	
	<select id="select" parameterType='String' resultType='CommonVo'>
		select 
			code,
	    	name
		from common
			where groupcode = #{groupcode}  
	</select>

	<!-- <insert id="insert" parameterType="BoardVo" useGeneratedKeys="true" keyProperty="b_no" >
		insert into board(b_id, create_dt, b_view,b_category,b_title,b_content)
		values(
			#{b_id}, now(), #{b_view},
			#{b_category},#{b_title},#{b_content}
		)
	</insert> -->
	
	<!-- <select id="getBoardList" resultType="BoardVo">
		select * from board
	</select>
	
	<select id="selectById" resultType="BoardVo" parameterType="int">
		select * from board where b_no = #{b_no}
	</select> -->




</mapper>